Rank,Ticker,Company,Industry,City,State,Zip,Website,Employees,"Revenue (in millions, USD)","Valuation (in millions, USD)","Profits (in millions, USD)",Profits (% of Sales),CEO
1,WMT,Walmart,General Merchandisers,Bentonville,Arkansas,72716,www.walmart.com,"2,100,000","$611,289","$397,475","$11,680",1.9,Douglas McMillon
2,AMZN,Amazon.com,Internet Services and Retailing,Seattle,Washington,98109,www.amazon.com,"1,541,000","$513,983","$1,058,440","-$2,722",-0.5,Andrew R. Jassy
3,XOM,Exxon Mobil,Petroleum Refining,Irving,Texas,75039,www.exxonmobil.com,"62,000","$413,680","$446,424","$55,740",13.5,Darren W. Woods
4,AAPL,Apple,"Computers, Office Equipment",Cupertino,California,95014,www.apple.com,"164,000","$394,328","$2,609,039","$99,803",25.3,Timothy D. Cook
5,UNH,UnitedHealth Group,Health Care: Insurance and Managed Care,Minnetonka,Minnesota,55343,www.unitedhealthgroup.com,"400,000","$324,162","$440,854","$20,120",6.2,Andrew P. Witty
6,CVS,CVS Health,Health Care: Pharmacy and Other Services,Woonsocket,Rhose Island,2895,www.cvshealth.com,"259,500","$322,467","$95,422","$4,149",1.3,Karen S. Lynch
7,BRKA,Berkshire Hathaway,Insurance: Property and Casualty (Stock),Omaha,Nebraska,68131,www.berkshirehathaway.com,"383,000","$302,089","$675,657","-$22,819",-7.6,Warren E. Buffett
8,GOOGL,Alphabet,Internet Services and Retailing,Mountain View,California,94043,www.abc.xyz,"190,234","$282,836","$1,330,201","$59,972",21.2,Sundar Pichai
9,MCK,McKesson,Wholesalers: Health Care,Irving,Texas,75039,www.mckesson.com,"66,500","$263,966","$48,757","$1,114",0.4,Brian S. Tyler
10,CVX,Chevron,Petroleum Refining,San Ramon,California,94583,www.chevron.com,"43,846","$246,252","$311,093","$35,465",14.4,Michael K. Wirth
11,ABC,AmerisourceBergen,Wholesalers: Health Care,Conshohocken,Pennsylvania,19428,www.amerisourcebergen.com,"41,500","$238,587","$32,384","$1,699",0.7,Steven H. Collis
12,COST,Costco Wholesale,General Merchandisers,Issaquah,Washington,98027,www.costco.com,"304,000","$226,954","$220,354","$5,844",2.6,Craig Jelinek
13,MSFT,Microsoft,Computer Software,Redmond,Washington,98052,www.microsoft.com,"221,000","$198,270","$2,146,049","$72,738",36.7,Satya Nadella
14,CAH,Cardinal Health,Wholesalers: Health Care,Dublin,Ohio,43017,www.cardinalhealth.com,"46,035","$181,364","$19,452",-$933,-0.5,Jason Hollar
15,CI,Cigna Group,Health Care: Pharmacy and Other Services,Bloomfield,Connecticut,6002,www.thecignagroup.com,"70,231","$180,516","$75,901","$6,668",3.7,David M. Cordani
16,MPC,Marathon Petroleum,Petroleum Refining,Findlay,Ohio,45840,www.marathonpetroleum.com,"17,800","$180,012","$59,544","$14,516",8.1,Michael J. Hennigan
17,PSX,Phillips 66,Petroleum Refining,Houston,Texas,77042,www.phillips66.com,"13,000","$175,702","$46,727","$11,024",6.3,Mark Lashier
18,VLO,Valero Energy,Petroleum Refining,San Antonio,Texas,78249,www.valero.com,"9,743","$171,189","$51,351","$11,528",6.7,Joseph W. Gorder
19,F,Ford Motor,Motor Vehicles & Parts,Dearborn,Michigan,48126,www.ford.com,"173,000","$158,057","$50,400","-$1,981",-1.3,Jim Farley
20,HD,Home Depot,Specialty Retailers: Other,Atlanta,Georgia,30339,www.homedepot.com,"471,600","$157,403","$299,534","$17,105",10.9,Ted Decker
21,GM,General Motors,Motor Vehicles & Parts,Detroit,Michigan,48265,www.gm.com,"167,000","$156,735","$51,155","$9,934",6.3,Mary T. Barra
22,ELV,Elevance Health,Health Care: Insurance and Managed Care,Indianapolis,Indiana,46204,www.elevancehealth.com,"102,300","$156,595","$109,098","$6,025",3.8,Gail K. Boudreaux
23,JPM,JPMorgan Chase,Commercial Banks,New York,New York,10179,www.jpmorganchase.com,"293,723","$154,792","$383,549","$37,676",24.3,Jamie Dimon
24,KR,Kroger,Food and Drug Stores,Cincinnati,Ohio,45202,www.thekrogerco.com,"430,000","$148,258","$35,421","$2,244",1.5,Rodney Mcmullen
25,CNC,Centene,Health Care: Insurance and Managed Care,St. Louis,Missouri,63105,www.centene.com,"74,300","$144,547","$34,810","$1,202",0.8,Sarah M. London
26,VZ,Verizon Communications,Telecommunications,New York,New York,10036,www.verizon.com,"117,100","$136,835","$163,333","$21,256",15.5,Hans E. Vestberg
27,WBA,Walgreens Boots Alliance,Food and Drug Stores,Deerfield,Illinois,60015,www.walgreensbootsalliance.com,"262,500","$132,703","$29,836","$4,337",3.3,Roz Brewer
28,FNMA,Fannie Mae,Diversified Financials,Washington,District of Columbia,20005,www.fanniemae.com,"8,000","$121,596",$475,"$12,923",10.6,Priscilla Almodovar
29,CMCSA,Comcast,Telecommunications,Philadelphia,Pennsylvania,19103,www.comcastcorporation.com,"186,000","$121,427","$159,831","$5,370",4.4,Brian L. Roberts
30,T,AT&T,Telecommunications,Dallas,Texas,75202,www.att.com,"160,700","$120,741","$137,250","-$8,524",-7.1,John T. Stankey
31,META,Meta Platforms,Internet Services and Retailing,Menlo Park,California,94025,www.fb.com,"86,482","$116,609","$549,484","$23,200",19.9,Mark Zuckerberg
32,BAC,Bank of America,Commercial Banks,Charlotte,North Carolina,28255,www.bankofamerica.com,"216,823","$115,053","$228,780","$27,528",23.9,
33,TGT,Target,General Merchandisers,Minneapolis,Minnesota,55403,www.target.com,"440,000","$109,120","$76,250","$2,780",2.5,Brian C. Cornell
34,DELL,Dell Technologies,"Computers, Office Equipment",Round Rock,Texas,78682,www.delltechnologies.com,"133,000","$102,301","$29,402","$2,442",2.4,Michael S. Dell
35,ADM,Archer Daniels Midland,Food Production,Chicago,Illinois,60601,www.adm.com,"41,181","$101,556","$43,530","$4,340",4.3,Juan R. Luciano
36,C,Citigroup,Commercial Banks,New York,New York,10013,www.citigroup.com,"238,104","$101,078","$91,270","$14,845",14.7,Jane Fraser
37,UPS,United Parcel Service,"Mail, Package and Freight Delivery",Atlanta,Georgia,30328,www.ups.com,"404,700","$100,338","$166,189","$11,548",11.5,Carol B. Tome
38,PFE,Pfizer,Pharmaceuticals,New York,New York,10001,www.pfizer.com,"83,000","$100,330","$230,292","$31,372",31.3,Albert Bourla
39,LOW,Lowe's,Specialty Retailers: Other,Mooresville,North Carolina,28117,www.lowes.com,"244,500","$97,059","$119,253","$6,437",6.6,Marvin R. Ellison
40,JNJ,Johnson & Johnson,Pharmaceuticals,New Brunswick,New Jersey,8933,www.jnj.com,"152,700","$94,943","$483,576","$17,941",18.9,
41,FDX,FedEx,"Mail, Package and Freight Delivery",Memphis,Tennessee,38120,www.fedex.com,"464,400","$93,512","$57,431","$3,826",4.1,Raj Subramaniam
42,HUM,Humana,Health Care: Insurance and Managed Care,Louisville,Kentucky,40202,www.humana.com,"67,100","$92,870","$60,719","$2,806",3,Bruce D. Broussard
43,ET,Energy Transfer,Pipelines,Dallas,Texas,75225,www.energytransfer.com,"12,565","$89,876","$38,590","$4,756",5.3,Thomas E. Long
45,FMCC,Freddie Mac,Diversified Financials,McLean,Virginia,22102,www.freddiemac.com,"7,819","$86,717",$266,"$9,327",10.8,Michael Devito
46,PEP,PepsiCo,Food Consumer Products,Purchase,New York,10577,www.pepsico.com,"315,000","$86,392","$251,085","$8,910",10.3,Ramon L. Laguarta
47,WFC,Wells Fargo,Commercial Banks,San Francisco,California,94104,www.wellsfargo.com,"238,000","$82,859","$141,188","$13,182",15.9,Charles W. Scharf
48,DIS,Walt Disney,Entertainment,Burbank,California,91521,www.thewaltdisneycompany.com,"195,800","$82,722","$182,920","$3,145",3.8,Robert A. Chapek
49,COP,ConocoPhillips,"Mining, Crude-Oil Production",Houston,Texas,77079,www.conocophillips.com,"9,500","$82,156","$120,777","$18,680",22.7,Ryan M. Lance
50,TSLA,Tesla,Motor Vehicles & Parts,Austin,Texas,78725,www.tesla.com,"127,855","$81,462","$656,425","$12,556",15.4,
51,PG,Procter & Gamble,Household and Personal Products,Cincinnati,Ohio,45202,www.pg.com,"106,000","$80,187","$350,781","$14,742",18.4,Jon R. Moeller
52,GE,General Electric,Industrial Machinery,Boston,Massachusetts,2210,www.ge.com,"172,000","$76,555","$104,231",$225,0.3,Lawrence Culp
53,ACI,Albertsons,Food and Drug Stores,Boise,Idaho,83706,www.albertsonscompanies.com,"195,750","$71,887","$11,132","$1,620",2.3,Vivek Sankaran
54,MET,MetLife,"Insurance: Life, Health (Stock)",New York,New York,10166,www.metlife.com,"45,000","$69,898","$44,867","$2,539",3.6,Michel A. Khalaf
55,GS,Goldman Sachs Group,Commercial Banks,New York,New York,10282,www.goldmansachs.com,"48,500","$68,711","$113,964","$11,261",16.4,David M. Solomon
56,SYY,Sysco,Wholesalers: Food and Grocery,Houston,Texas,77077,www.sysco.com,"70,510","$68,636","$39,202","$1,359",2,Kevin P. Hourican
57,RTX,Raytheon Technologies,Aerospace & Defense,Arlington,Virginia,22209,www.rtx.com,"182,000","$67,074","$143,292","$5,197",7.7,Gregory J. Hayes
58,BA,Boeing,Aerospace & Defense,Arlington,Virginia,22202,www.boeing.com,"156,000","$66,608","$127,283","-$4,935",-7.4,David L. Calhoun
59,SNEX,StoneX Group,Diversified Financials,New York,New York,10169,www.stonex.com,"3,615","$66,036","$2,138",$207,0.3,Sean M. O'Connor
60,LMT,Lockheed Martin,Aerospace & Defense,Bethesda,Maryland,20817,www.lockheedmartin.com,"116,000","$65,984","$120,319","$5,732",8.7,Jim Taiclet
61,MS,Morgan Stanley,Commercial Banks,New York,New York,10036,www.morganstanley.com,"82,427","$65,936","$147,674","$11,029",16.7,James P. Gorman
62,INTC,Intel,Semiconductors and Other Electronic Components,Santa Clara,California,95054,www.intel.com,"131,900","$63,054","$136,268","$8,014",12.7,Patrick P. Gelsinger
63,HPQ,HP,"Computers, Office Equipment",Palo Alto,California,94304,www.hp.com,"58,000","$62,983","$28,919","$3,203",5.1,Enrique J. Lores
64,SNX,TD Synnex,Wholesalers: Electronics and Office Equipment,Fremont,California,94538,www.tdsynnex.com,"28,500","$62,344","$9,061",$651,1,Richard T. Hume
65,IBM,International Business Machines,Information Technology Services,Armonk,New York,10504,www.ibm.com,"303,100","$60,530","$118,913","$1,639",2.7,Arvind Krishna
66,HCA,HCA Healthcare,Health Care: Medical Facilities,Nashville,Tennessee,37203,www.hcahealthcare.com,"250,500","$60,233","$73,107","$5,643",9.4,Samuel N. Hazen
67,PRU,Prudential Financial,"Insurance: Life, Health (Stock)",Newark,New Jersey,7102,www.prudential.com,"39,583","$60,050","$30,363","-$1,438",-2.4,Charles F. Lowrey
68,CAT,Caterpillar,Construction and Farm Machinery,Irving,Texas,75039,www.caterpillar.com,"109,100","$59,427","$118,161","$6,705",11.3,Jim Umpleby
69,MRK,Merck,Pharmaceuticals,Rahway,New Jersey,7065,www.merck.com,"68,000","$59,283","$270,081","$14,519",24.5,
70,INT,World Fuel Services,Energy,Miami,Florida,33178,www.wfscorp.com,"5,214","$59,043","$1,585",$114,0.2,Michael J. Kasbar
72,EPD,Enterprise Products Partners,Pipelines,Houston,Texas,77002,www.enterpriseproducts.com,"7,300","$58,186","$56,224","$5,490",9.4,James Teague
73,ABBV,AbbVie,Pharmaceuticals,North Chicago,Illinois,60064,www.abbvie.com,"50,000","$58,054","$281,151","$11,836",20.4,Richard A. Gonzalez
74,PAGP,Plains GP Holdings,Pipelines,Houston,Texas,77002,www.plains.com,"4,100","$57,342","$2,551",$168,0.3,Willie Chiang
75,DOW,Dow,Chemicals,Midland,Michigan,48674,www.dow.com,"37,800","$56,902","$38,812","$4,582",8.1,James R. Fitterling
76,AIG,American International Group,Insurance: Property and Casualty (Stock),New York,New York,10020,www.aig.com,"26,200","$56,437","$36,948","$10,276",18.2,Peter S. Zaffino
77,AXP,American Express,Diversified Financials,New York,New York,10285,www.americanexpress.com,"77,300","$55,625","$122,734","$7,514",13.5,
79,CHTR,Charter Communications,Telecommunications,Stamford,Connecticut,6902,www.charter.com,"101,700","$54,022","$60,477","$5,055",9.4,Christopher Winfrey
80,TSN,Tyson Foods,Food Production,Springdale,Arkansas,72762,www.tysonfoods.com,"142,000","$53,282","$21,096","$3,238",6.1,Donnie D. King
81,DE,Deere,Construction and Farm Machinery,Moline,Illinois,61265,www.deere.com,"82,239","$52,577","$122,346","$7,131",13.6,John C. May
82,CSCO,Cisco Systems,Network and Other Communications Equipment,San Jose,California,95134,www.cisco.com,"83,300","$51,557","$214,109","$11,812",22.9,Chuck Robbins
84,ALL,Allstate,Insurance: Property and Casualty (Stock),Northbrook,Illinois,60062,www.allstate.com,"54,250","$51,412","$29,180","-$1,311",-2.6,Tom Wilson
85,DAL,Delta Air Lines,Airlines,Atlanta,Georgia,30354,www.delta.com,"95,000","$50,582","$22,392","$1,318",2.6,Ed Bastian
87,TJX,TJX,Specialty Retailers: Apparel,Framingham,Massachusetts,1701,www.tjx.com,"329,000","$49,936","$90,315","$3,498",7,Ernie L. Herrman
88,PGR,Progressive,Insurance: Property and Casualty (Stock),Mayfield Village,Ohio,44143,www.progressive.com,"55,063","$49,611","$83,743",$722,1.5,Tricia Griffith
89,AAL,American Airlines Group,Airlines,Fort Worth,Texas,76155,www.aa.com,"129,700","$48,971","$9,629",$127,0.3,Robert D. Isom
91,PFGC,Performance Food Group,Wholesalers: Food and Grocery,Richmond,Virginia,23238,www.pfgc.com,"34,825","$47,194","$9,422",$113,0.2,George L. Holm
92,PBF,PBF Energy,Petroleum Refining,Parsippany,New Jersey,7054,www.pbfenergy.com,"3,616","$46,830","$5,589","$2,877",6.1,Thomas J. Nimbley
93,NKE,Nike,Apparel,Beaverton,Oregon,97005,www.nike.com,"79,100","$46,710","$190,161","$6,046",12.9,John Donahoe
94,BBY,Best Buy,Specialty Retailers: Other,Richfield,Minnesota,55423,www.investors.bestbuy.com,"71,100","$46,298","$17,066","$1,419",3.1,Corie S. Barry
95,BMY,Bristol-Myers Squibb,Pharmaceuticals,New York,New York,10016,www.bms.com,"34,300","$46,159","$145,780","$6,327",13.7,Giovanni Caforio
96,UAL,United Airlines Holdings,Airlines,Chicago,Illinois,60606,www.united.com,"92,795","$44,955","$14,474",$737,1.6,Scott Kirby
97,TMO,Thermo Fisher Scientific,"Scientific, Photographic and Control Equipment",Waltham,Massachusetts,2451,www.thermofisher.com,"130,000","$44,915","$222,150","$6,950",15.5,Marc N. Casper
98,QCOM,Qualcomm,Semiconductors and Other Electronic Components,San Diego,California,92121,www.qualcomm.com,"51,000","$44,200","$142,252","$12,936",29.3,
99,ABT,Abbott Laboratories,Medical Products and Equipment,Abbott Park,Illinois,60064,www.abbott.com,"115,000","$43,653","$175,984","$6,933",15.9,Robert B. Ford
100,KO,Coca-Cola,Beverages,Atlanta,Georgia,30313,www.coca-colacompany.com,"82,500","$43,004","$268,361","$9,542",22.2,James R. Quincey
101,ORCL,Oracle,Computer Software,Austin,Texas,78741,www.oracle.com,"143,000","$42,440","$250,866","$6,717",15.8,Safra A. Catz
102,NUE,Nucor,Metals,Charlotte,North Carolina,28211,www.nucor.com,"31,400","$41,513","$38,917","$7,607",18.3,Leon J. Topalian
105,GD,General Dynamics,Aerospace & Defense,Reston,Virginia,20190,www.gd.com,"106,500","$39,407","$62,692","$3,390",8.6,Phebe N. Novakovic
106,COF,Capital One Financial,Commercial Banks,McLean,Virginia,22102,www.capitalone.com,"55,943","$38,373","$36,776","$7,360",19.2,Richard D. Fairbank
107,DINO,HF Sinclair,Petroleum Refining,Dallas,Texas,75201,www.hfsinclair.com,"5,223","$38,205","$9,492","$2,923",7.7,Tim Go
108,DG,Dollar General,Specialty Retailers: Other,Goodlettsville,Tennessee,37072,www.dollargeneral.com,"170,000","$37,845","$46,114","$2,416",6.4,Jeffery Owen
109,ARW,Arrow Electronics,Wholesalers: Electronics and Office Equipment,Centennial,Colorado,80112,www.arrow.com,"22,300","$37,124","$7,278","$1,427",3.8,Sean J. Kerins
110,OXY,Occidental Petroleum,"Mining, Crude-Oil Production",Houston,Texas,77046,www.oxy.com,"11,973","$37,095","$56,069","$13,304",35.9,Vicki Hollub
112,TRV,Travelers,Insurance: Property and Casualty (Stock),New York,New York,10017,www.travelers.com,"32,175","$36,884","$39,783","$2,842",7.7,Alan Schnitzer
113,NOC,Northrop Grumman,Aerospace & Defense,Falls Church,Virginia,22042,www.northropgrumman.com,"95,000","$36,602","$70,203","$4,896",13.4,Kathy Warden
115,HON,Honeywell International,"Electronics, Electrical Equip.",Charlotte,North Carolina,28202,www.honeywell.com,"97,000","$35,466","$127,695","$4,966",14,Vimal Kapur
116,MMM,3M,Chemicals,St. Paul,Minnesota,55144,www.3m.com,"92,000","$34,229","$57,965","$5,777",16.9,Michael F. Roman
117,USFD,US Foods Holding,Wholesalers: Food and Grocery,Rosemont,Illinois,60018,www.usfoods.com,"29,000","$34,057","$8,568",$265,0.8,David Flitman
118,WBD,Warner Bros. Discovery,Entertainment,New York,New York,10003,www.wbd.com,"37,500","$33,817","$36,778","-$7,371",-21.8,David M. Zaslav
119,LEN,Lennar,Homebuilders,Miami,Florida,33126,www.lennar.com,"12,012","$33,671","$29,726","$4,614",13.7,Jonathan M. Jaffe
120,DHI,D.R. Horton,Homebuilders,Arlington,Texas,76011,www.drhorton.com,"13,237","$33,480","$33,546","$5,858",17.5,David V. Auld
121,JBL,Jabil,Semiconductors and Other Electronic Components,St. Petersburg,Florida,33716,www.jabil.com,"250,000","$33,478","$11,750",$996,3,Mark T. Mondello
122,LNG,Cheniere Energy,Pipelines,Houston,Texas,77002,www.cheniere.com,"1,551","$33,428","$38,408","$1,428",4.3,Jack A. Fusco
123,AVGO,Broadcom,Semiconductors and Other Electronic Components,San Jose,California,95131,www.broadcom.com,"20,000","$33,203","$267,473","$11,495",34.6,Hock E. Tan
124,KMX,CarMax,"Automotive Retailing, Services",Richmond,Virginia,23238,www.carmax.com,"32,647","$33,197","$10,158","$1,151",3.5,William D. Nash
125,SBUX,Starbucks,Food Services,Seattle,Washington,98134,www.starbucks.com,"402,000","$32,250","$119,677","$3,282",10.2,Laxman Narasimhan
126,MOH,Molina Healthcare,Health Care: Insurance and Managed Care,Long Beach,California,90802,www.molinahealthcare.com,"15,000","$31,974","$15,586",$792,2.5,Joseph M. Zubretsky
127,UBER,Uber Technologies,Internet Services and Retailing,San Francisco,California,94158,www.uber.com,"32,800","$31,877","$63,840","-$9,141",-28.7,Dara Khosrowshahi
128,PM,Philip Morris International,Tobacco,Stamford,Connecticut,6901,www.pmi.com,"79,800","$31,762","$150,946","$9,048",28.5,Jacek Olczak
129,NFLX,Netflix,Entertainment,Los Gatos,California,95032,www.netflix.com,"12,800","$31,616","$153,858","$4,492",14.2,Ted Sarandos
130,NRG,NRG Energy,Energy,Houston,Texas,77002,www.nrg.com,"6,603","$31,543","$7,965","$1,221",3.9,Mauricio Gutierrez
131,MDLZ,Mondelez International,Food Consumer Products,Chicago,Illinois,60607,www.mondelezinternational.com,"91,000","$31,496","$95,050","$2,717",8.6,Dirk Van De Put
132,DHR,Danaher,Medical Products and Equipment,Washington,District of Columbia,20037,www.danaher.com,"80,000","$31,471","$183,764","$7,209",22.9,Rainer M. Blair
133,CRM,Salesforce,Computer Software,San Francisco,California,94105,www.salesforce.com,"79,390","$31,352","$199,780",$208,0.7,Marc R. Benioff
134,PARA,Paramount Global,Entertainment,New York,New York,10036,www.paramount.com,"27,400","$31,331","$14,657","$1,104",3.5,Robert M. Bakish
135,CBRE,CBRE Group,Real Estate,Dallas,Texas,75201,www.cbre.com,"115,000","$30,828","$22,563","$1,407",4.6,
136,MU,Micron Technology,Semiconductors and Other Electronic Components,Boise,Idaho,83716,www.micron.com,"48,000","$30,758","$66,036","$8,687",28.2,Sanjay Mehrotra
137,V,Visa,Financial Data Services,San Francisco,California,94105,www.visa.com,"26,500","$29,310","$475,307","$14,957",51,Ryan Mcinerney
138,SO,Southern,Utilities: Gas and Electric,Atlanta,Georgia,30308,www.southerncompany.com,"27,562","$29,279","$75,948","$3,524",12,Christopher C. Womack
139,UNFI,United Natural Foods,Wholesalers: Food and Grocery,Providence,Rhose Island,2908,www.unfi.com,"30,300","$28,928","$1,565",$248,0.9,Sandy Douglas
140,PCAR,Paccar,Motor Vehicles & Parts,Bellevue,Washington,98004,www.paccar.com,"31,100","$28,820","$38,251","$3,012",10.4,Preston Feight
141,DUK,Duke Energy,Utilities: Gas and Electric,Charlotte,North Carolina,28202,www.duke-energy.com,"27,859","$28,784","$74,344","$2,550",8.9,Lynn J. Good
142,LLY,Eli Lilly,Pharmaceuticals,Indianapolis,Indiana,46285,www.lilly.com,"39,000","$28,541","$326,351","$6,245",21.9,David A. Ricks
143,HPE,Hewlett Packard Enterprise,"Computers, Office Equipment",Spring,Texas,77389,www.hpe.com,"60,200","$28,496","$20,643",$868,3,Antonio F. Neri
144,DLTR,Dollar Tree,Specialty Retailers: Other,Chesapeake,Virginia,23320,www.dollartree.com,"136,287","$28,332","$31,757","$1,615",5.7,Rick Dreiling
145,LAD,Lithia Motors,"Automotive Retailing, Services",Medford,Oregon,97501,www.lithiadriveway.com,"21,875","$28,188","$6,337","$1,251",4.4,Bryan B. Deboer
146,CMI,Cummins,Industrial Machinery,Columbus,Indiana,47201,www.cummins.com,"73,600","$28,074","$33,811","$2,151",7.7,Jennifer Rumsey
147,PAG,Penske Automotive Group,"Automotive Retailing, Services",Bloomfield Hills,Michigan,48302,www.penskeautomotive.com,"26,816","$27,815","$9,795","$1,380",5,Roger S. Penske
148,PYPL,PayPal Holdings,Financial Data Services,San Jose,California,95131,www.paypal.com,"29,900","$27,518","$85,917","$2,419",8.8,Daniel H. Schulman
149,USB,U.S. Bancorp,Commercial Banks,Minneapolis,Minnesota,55402,www.usbank.com,"76,646","$27,401","$55,221","$5,825",21.3,Andrew J. Cecere
150,GILD,Gilead Sciences,Pharmaceuticals,Foster City,California,94404,www.gilead.com,"17,000","$27,281","$103,614","$4,592",16.8,Daniel P. O'Day
151,AN,AutoNation,"Automotive Retailing, Services",Fort Lauderdale,Florida,33301,www.autonation.com,"23,600","$26,985","$6,301","$1,377",5.1,Michael Manley
152,NVDA,Nvidia,Semiconductors and Other Electronic Components,Santa Clara,California,95051,www.nvidia.com,"26,196","$26,974","$686,092","$4,368",16.2,Jen-Hsun Huang
153,KHC,Kraft Heinz,Food Consumer Products,Chicago,Illinois,60601,www.kraftheinzcompany.com,"37,000","$26,485","$47,448","$2,363",8.9,Miguel Patricio
154,AMGN,Amgen,Pharmaceuticals,Thousand Oaks,California,91320,www.amgen.com,"25,200","$26,323","$129,089","$6,552",24.9,Robert A. Bradway
155,AMAT,Applied Materials,Semiconductors and Other Electronic Components,Santa Clara,California,95054,www.appliedmaterials.com,"33,000","$25,785","$103,806","$6,525",25.3,Gary E. Dickerson
156,EOG,EOG Resources,"Mining, Crude-Oil Production",Houston,Texas,77002,www.eogresources.com,"2,850","$25,702","$67,371","$7,759",30.2,Ezra Yacob
157,TFC,Truist Financial,Commercial Banks,Charlotte,North Carolina,28202,www.truist.com,"53,987","$25,356","$45,290","$6,260",24.7,William H. Rogers Jr.
158,M,Macy's,General Merchandisers,New York,New York,10001,www.macysinc.com,"94,570","$25,305","$4,747","$1,177",4.7,Jeffrey Gennette
159,UNP,Union Pacific,Railroads,Omaha,Nebraska,68179,www.up.com,"33,179","$24,875","$123,146","$6,998",28.1,Lance M. Fritz
160,CHRW,C.H. Robinson Worldwide,Transportation and Logistics,Eden Prairie,Minnesota,55347,www.chrobinson.com,"17,399","$24,697","$11,417",$941,3.8,Scott Anderson
161,RAD,Rite Aid,Food and Drug Stores,Philadelphia,Pennsylvania,19112,www.riteaid.com,"53,000","$24,568",$127,-$539,-2.2,
162,CEG,Constellation Energy,Energy,Baltimore,Maryland,21231,www.constellationenergy.com,"13,370","$24,440","$25,712",-$160,-0.7,Joseph Dominguez
163,AVT,Avnet,Wholesalers: Electronics and Office Equipment,Phoenix,Arizona,85034,www.avnet.com,"15,300","$24,311","$4,130",$692,2.8,Philip R. Gallagher
164,PXD,Pioneer Natural Resources,"Mining, Crude-Oil Production",Irving,Texas,75038,www.pxd.com,"2,076","$24,294","$47,997","$7,845",32.3,Scott D. Sheffield
165,LUV,Southwest Airlines,Airlines,Dallas,Texas,75235,www.southwest.com,"66,656","$23,814","$19,338",$539,2.3,Robert E. Jordan
166,CDW,CDW,Information Technology Services,Lincolnshire,Illinois,60069,www.cdw.com,"15,100","$23,749","$26,337","$1,115",4.7,Christine A. Leahy
167,AMD,Advanced Micro Devices,Semiconductors and Other Electronic Components,Santa Clara,California,95054,www.amd.com,"25,000","$23,601","$157,738","$1,320",5.6,Lisa T. Su
168,PNC,PNC Financial Services Group,Commercial Banks,Pittsburgh,Pennsylvania,15222,www.pnc.com,"60,720","$23,542","$50,800","$6,041",25.7,William S. Demchak
169,MCD,McDonald's,Food Services,Chicago,Illinois,60607,www.investor.mcdonalds.com,"150,000","$23,183","$204,534","$6,177",26.6,Christopher J. Kempczinski
170,CLF,Cleveland-Cliffs,Metals,Cleveland,Ohio,44114,www.clevelandcliffs.com,"27,000","$22,989","$9,436","$1,335",5.8,Lourenco Goncalves
171,FCX,Freeport-McMoRan,"Mining, Crude-Oil Production",Phoenix,Arizona,85004,www.fcx.com,"25,600","$22,780","$58,530","$3,468",15.2,Richard C. Adkerson
172,BLDR,Builders FirstSource,"Building Materials, Glass",Dallas,Texas,75201,www.bldr.com,"29,000","$22,726","$12,253","$2,749",12.1,Dave Rush
173,OKE,Oneok,Pipelines,Tulsa,Oklahoma,74103,www.oneok.com,"2,966","$22,387","$28,416","$1,722",7.7,Pierce Norton
174,HIG,Hartford Financial Services Group,Insurance: Property and Casualty (Stock),Hartford,Connecticut,6155,www.thehartford.com,"18,800","$22,362","$21,817","$1,815",8.1,Christopher J. Swift
175,SCHW,Charles Schwab,Securities,Westlake,Texas,76262,www.aboutschwab.com,"35,300","$22,307","$95,264","$7,183",32.2,Walter W. Bettinger
176,STLD,Steel Dynamics,Metals,Fort Wayne,Indiana,46804,www.steeldynamics.com,"12,060","$22,261","$19,286","$3,863",17.4,Mark D. Millett
177,MA,Mastercard,Financial Data Services,Purchase,New York,10577,www.mastercard.com,"29,900","$22,237","$346,418","$9,930",44.7,Michael Miebach
178,SHW,Sherwin-Williams,Chemicals,Cleveland,Ohio,44115,www.sherwin.com,"64,366","$22,149","$58,090","$2,020",9.1,
179,GPC,Genuine Parts,Wholesalers: Diversified,Atlanta,Georgia,30339,www.genpt.com,"58,000","$22,096","$23,559","$1,183",5.4,Paul Donahue
180,PCG,PG&E,Utilities: Gas and Electric,Oakland,California,94612,www.pgecorp.com,"26,010","$21,680","$32,154","$1,800",8.3,
181,WCC,WESCO International,Wholesalers: Diversified,Pittsburgh,Pennsylvania,15219,www.wesco.com,"20,000","$21,420","$7,897",$861,4,John J. Engel
182,MUSA,Murphy USA,Specialty Retailers: Other,El Dorado,Arkansas,71730,www.murphyusa.com,"10,550","$21,266","$5,621",$673,3.2,Andrew Clyde
183,WRK,WestRock,"Packaging, Containers",Atlanta,Georgia,30328,www.westrock.com,"50,500","$21,257","$7,759",$945,4.4,David Sewell
184,IP,International Paper,"Packaging, Containers",Memphis,Tennessee,38197,www.internationalpaper.com,"39,000","$21,161","$12,598","$1,504",7.1,Mark S. Sutton
185,BKR,Baker Hughes,"Oil and Gas Equipment, Services",Houston,Texas,77073,www.bakerhughes.com,"55,000","$21,156","$29,386",-$601,-2.8,Lorenzo Simonelli
186,X,United States Steel,Metals,Pittsburgh,Pennsylvania,15219,www.ussteel.com,"22,740","$21,065","$5,930","$2,524",12,David B. Burritt
187,NEE,NextEra Energy,Utilities: Gas and Electric,Juno Beach,Florida,33408,www.nexteraenergy.com,"15,300","$20,956","$153,196","$4,147",19.8,John W. Ketchum
188,TRGP,Targa Resources,Pipelines,Houston,Texas,77002,www.targaresources.com,"2,850","$20,930","$16,507","$1,196",5.7,Matthew J. Meloy
189,LEA,Lear,Motor Vehicles & Parts,Southfield,Michigan,48033,www.lear.com,"168,700","$20,892","$8,248",$328,1.6,Raymond E. Scott
190,JLL,Jones Lang LaSalle,Real Estate,Chicago,Illinois,60601,www.jll.com,"103,300","$20,862","$6,926",$655,3.1,Christian Ulbrich
191,GT,Goodyear Tire & Rubber,Motor Vehicles & Parts,Akron,Ohio,44316,www.goodyear.com,"74,000","$20,805","$3,122",$202,1,Richard J. Kramer
192,MAR,Marriott International,"Hotels, Casinos, Resorts",Bethesda,Maryland,20814,www.marriott.com,"140,000","$20,773","$51,287","$2,358",11.4,Anthony G. Capuano
193,MMC,Marsh & McLennan,Diversified Financials,New York,New York,10036,www.marshmclennan.com,"85,000","$20,720","$82,371","$3,050",14.7,John Q. Doyle
194,MO,Altria Group,Tobacco,Richmond,Virginia,23230,www.altria.com,"6,300","$20,688","$79,672","$5,764",27.9,Billy Gifford
195,CPNG,Coupang,Internet Services and Retailing,Seattle,Washington,98101,www.aboutcoupang.com,"63,000","$20,583","$28,388",-$92,-0.4,Bom Kim
196,CARR,Carrier Global,Industrial Machinery,Palm Beach Gardens,Florida,33418,www.corporate.carrier.com,"52,000","$20,421","$38,199","$3,534",17.3,David Gitlin
197,HAL,Halliburton,"Oil and Gas Equipment, Services",Houston,Texas,77032,www.halliburton.com,"45,000","$20,297","$28,605","$1,572",7.7,Jeffrey A. Miller
198,DK,Delek US Holdings,Petroleum Refining,Brentwood,Tennessee,37027,www.delekus.com,"3,746","$20,246","$1,538",$257,1.3,Avigal Soreq
199,KMB,Kimberly-Clark,Household and Personal Products,Irving,Texas,75038,www.kimberly-clark.com,"44,000","$20,175","$45,293","$1,934",9.6,Mike Hsu
200,TXN,Texas Instruments,Semiconductors and Other Electronic Components,Dallas,Texas,75243,www.ti.com,"33,000","$20,028","$168,775","$8,749",43.7,Haviv Ilan
201,BK,Bank of New York Mellon,Commercial Banks,New York,New York,10286,www.bnymellon.com,"51,700","$19,991","$36,736","$2,573",12.9,Robin Vince
202,MAN,ManpowerGroup,Temporary Help,Milwaukee,Wisconsin,53212,www.manpowergroup.com,"30,900","$19,828","$4,191",$374,1.9,Jonas Prising
203,WHR,Whirlpool,"Electronics, Electrical Equip.",Benton Harbor,Michigan,49022,www.whirlpoolcorp.com,"61,000","$19,724","$7,197","-$1,519",-7.7,Marc R. Bitzer
204,WM,Waste Management,Waste Management,Houston,Texas,77002,www.wm.com,"49,500","$19,698","$66,372","$2,238",11.4,James C. Fish Jr.
205,AEP,American Electric Power,Utilities: Gas and Electric,Columbus,Ohio,43215,www.aep.com,"16,974","$19,640","$46,806","$2,307",11.7,Julie Sloat
206,EMR,Emerson Electric,Industrial Machinery,St. Louis,Montana,63136,www.emerson.com,"85,500","$19,629","$49,792","$3,231",16.5,Lal L. Karsanbhai
207,AFL,Aflac,"Insurance: Life, Health (Stock)",Columbus,Georgia,31999,www.aflac.com,"12,882","$19,502","$39,467","$4,201",21.5,Daniel P. Amos
208,CTSH,Cognizant Technology Solutions,Information Technology Services,Teaneck,New Jersey,7666,www.cognizant.com,"355,300","$19,428","$31,031","$2,290",11.8,Ravi Kumar S
209,BDX,Becton Dickinson,Medical Products and Equipment,Franklin Lakes,New Jersey,7417,www.bd.com,"77,000","$19,408","$70,277","$1,779",9.2,Tom Polen
210,BJ,BJ's Wholesale Club,General Merchandisers,Marlborough,Massachusetts,1752,www.bjs.com,"34,000","$19,315","$10,186",$513,2.7,Robert W. Eddy
211,MRNA,Moderna,Pharmaceuticals,Cambridge,Massachusetts,2139,www.modernatx.com,"3,900","$19,263","$59,232","$8,362",43.4,Stephane Bancel
212,DTE,DTE Energy,Utilities: Gas and Electric,Detroit,Michigan,48226,www.dteenergy.com,"10,250","$19,228","$22,577","$1,083",5.6,Gerardo Norcia
214,KMI,Kinder Morgan,Pipelines,Houston,Texas,77002,www.kindermorgan.com,"10,525","$19,200","$39,363","$2,548",13.3,Steven J. Kean
215,THC,Tenet Healthcare,Health Care: Medical Facilities,Dallas,Texas,75254,www.tenethealth.com,"89,088","$19,174","$6,077",$411,2.1,Saum Sutaria
216,DVN,Devon Energy,"Mining, Crude-Oil Production",Oklahoma City,Oklahoma,73102,www.devonenergy.com,"1,800","$19,169","$33,099","$6,015",31.4,Richard E. Muncrief
217,MOS,Mosaic,Chemicals,Tampa,Florida,33602,www.mosaicco.com,"13,570","$19,125","$15,438","$3,583",18.7,James C. O'Rourke
218,EXC,Exelon,Utilities: Gas and Electric,Chicago,Illinois,60603,www.exeloncorp.com,"19,063","$19,078","$41,651","$2,170",11.4,Calvin G. Butler
219,GIS,General Mills,Food Consumer Products,Minneapolis,Minnesota,55426,www.generalmills.com,"32,500","$18,993","$50,195","$2,707",14.3,Jeffrey L. Harmening
220,GLP,Global Partners,Wholesalers: Diversified,Waltham,Massachusetts,2453,www.globalp.com,"3,585","$18,878","$1,055",$362,1.9,Eric Slifka
221,WDC,Western Digital,"Computers, Office Equipment",San Jose,California,95119,www.westerndigital.com,"65,000","$18,793","$12,029","$1,500",8,David V. Goeckeler
222,LNC,Lincoln National,"Insurance: Life, Health (Stock)",Radnor,Pennsylvania,19087,www.lfg.com,"11,316","$18,766","$3,802","-$2,241",-11.9,Ellen G. Cooper
223,ROST,Ross Stores,Specialty Retailers: Apparel,Dublin,California,94568,www.rossstores.com,"101,000","$18,696","$36,302","$1,512",8.1,Barbara Rentler
224,SYK,Stryker,Medical Products and Equipment,Kalamazoo,Michigan,49002,www.stryker.com,"51,000","$18,449","$108,228","$2,358",12.8,Kevin A. Lobo
225,KD,Kyndryl Holdings,Information Technology Services,New York,New York,10017,www.kyndryl.com,"90,000","$18,317","$3,358","-$2,054",-11.2,Martin J. Schroeter
226,KSS,Kohl's,General Merchandisers,Menomonee Falls,Wisconsin,53051,www.kohls.com,"66,500","$18,098","$2,607",-$19,-0.1,Tom Kingsbury
227,SWK,Stanley Black & Decker,"Home Equipment, Furnishings",New Britain,Connecticut,6053,www.stanleyblackanddecker.com,"54,200","$18,004","$12,333","$1,063",5.9,Donald Allan
228,CL,Colgate-Palmolive,Household and Personal Products,New York,New York,10022,www.colgatepalmolive.com,"33,800","$17,967","$62,535","$1,785",9.9,Noel R. Wallace
229,BLK,BlackRock,Securities,New York,New York,10001,www.blackrock.com,"19,800","$17,873","$100,526","$5,178",29,
230,EL,Est√©e Lauder,Household and Personal Products,New York,New York,10153,www.elcompanies.com,"53,865","$17,737","$88,041","$2,390",13.5,Fabrizio Freda
230,FISV,Fiserv,Financial Data Services,Brookfield,Wisconsin,53045,www.fiserv.com,"41,000","$17,737","$70,997","$2,530",14.3,Frank J. Bisignano
232,PPG,PPG Industries,Chemicals,Pittsburgh,Pennsylvania,15272,www.ppg.com,"52,000","$17,652","$31,439","$1,026",5.8,Timothy M. Knavish
233,ADBE,Adobe,Computer Software,San Jose,California,95110,www.adobe.com,"29,239","$17,606","$176,769","$4,756",27,Shantanu Narayen
234,SQ,Block,Financial Data Services,San Francisco,California,94103,www.block.xyz,"12,428","$17,532","$41,329",-$541,-3.1,Jack Dorsey
235,SYF,Synchrony Financial,Diversified Financials,Stamford,Connecticut,6902,www.synchrony.com,"18,500","$17,526","$12,709","$3,016",17.2,Brian D. Doubles
236,PFG,Principal Financial,"Insurance: Life, Health (Stock)",Des Moines,Iowa,50392,www.principal.com,"19,300","$17,492","$18,068","$4,812",27.5,
237,LUMN,Lumen Technologies,Telecommunications,Monroe,Louisiana,71203,www.lumen.com,"29,000","$17,478","$2,654","-$1,548",-8.9,Kathleen E. Johnson
238,CTVA,Corteva,Food Production,Indianapolis,Indiana,46268,www.corteva.com,"21,000","$17,455","$42,977","$1,147",6.6,Chuck Magro
239,ANDE,Andersons,Food Production,Maumee,Ohio,43537,www.andersonsinc.com,"2,244","$17,351","$1,396",$131,0.8,Patrick E. Bowe
240,LRCX,Lam Research,Semiconductors and Other Electronic Components,Fremont,California,94538,www.lamresearch.com,"17,700","$17,227","$71,532","$4,605",26.7,Timothy M. Archer
241,EIX,Edison International,Utilities: Gas and Electric,Rosemead,California,91770,www.edisoninvestor.com,"13,110","$17,220","$27,010",$612,3.6,Pedro J. Pizarro
242,D,Dominion Energy,Utilities: Gas and Electric,Richmond,Virginia,23219,www.dominionenergy.com,"17,200","$17,174","$46,699",$994,5.8,Robert M. Blue
243,BKNG,Booking Holdings,Internet Services and Retailing,Norwalk,Connecticut,6854,www.bookingholdings.com,"21,492","$17,090","$99,859","$3,058",17.9,Glenn D. Fogel
244,PWR,Quanta Services,Engineering & Construction,Houston,Texas,77008,www.quantaservices.com,"47,300","$17,074","$23,996",$491,2.9,"Earl C. ""Duke"" Austin"
245,EXPD,Expeditors International of Washington,Transportation and Logistics,Seattle,Washington,98104,www.expeditors.com,"20,302","$17,071","$17,009","$1,357",8,Jeff Musser
246,LHX,L3Harris Technologies,Aerospace & Defense,Melbourne,Florida,32919,www.l3harris.com,"46,000","$17,062","$37,277","$1,062",6.2,
247,RS,Reliance Steel & Aluminum,Metals,Scottsdale,Arizona,85254,www.rsac.com,"14,750","$17,025","$15,142","$1,840",10.8,Karla R. Lewis
248,LYV,Live Nation Entertainment,Entertainment,Beverly Hills,California,90210,www.livenationentertainment.com,"20,550","$16,681","$16,211",$296,1.8,Michael Rapino
249,DISH,DISH Network,Telecommunications,Englewood,Colorado,80112,www.dish.com,"14,200","$16,679","$4,956","$2,303",13.8,Erik Carlson
250,DD,DuPont,Chemicals,Wilmington,Delaware,19805,www.dupont.com,"23,000","$16,549","$32,895","$5,868",35.5,Edward D. Breen
251,ADP,Automatic Data Processing,Diversified Outsourcing Services,Roseland,New Jersey,7068,www.adp.com,"60,000","$16,498","$92,247","$2,949",17.9,Maria Black
252,GPI,Group 1 Automotive,"Automotive Retailing, Services",Houston,Texas,77024,www.group1auto.com,"15,491","$16,412","$3,194",$752,4.6,Daryl Kenningham
253,ARMK,Aramark,Diversified Outsourcing Services,Philadelphia,Pennsylvania,19103,www.aramark.com,"273,875","$16,327","$9,326",$195,1.2,John J. Zillmer
254,THO,Thor Industries,Motor Vehicles & Parts,Elkhart,Indiana,46514,www.thorindustries.com,"32,000","$16,313","$4,262","$1,138",7,
255,DXC,DXC Technology,Information Technology Services,Ashburn,Virginia,20147,www.dxc.technology,"130,000","$16,265","$5,820",$718,4.4,
256,VTRS,Viatris,Pharmaceuticals,Canonsburg,Pennsylvania,15317,www.viatris.com,"37,000","$16,263","$11,513","$2,079",12.8,Scott A. Smith
257,RGA,Reinsurance Group of America,"Insurance: Life, Health (Stock)",Chesterfield,Montana,63017,www.rgare.com,"3,800","$16,258","$8,876",$623,3.8,
258,AZO,AutoZone,Specialty Retailers: Other,Memphis,Tennessee,38103,www.autozone.com,"90,720","$16,252","$45,224","$2,430",14.9,William C. Rhodes Iii
259,PHM,PulteGroup,Homebuilders,Atlanta,Georgia,30326,www.pultegroupinc.com,"6,524","$16,229","$13,073","$2,617",16.1,Ryan R. Marshall
260,ITW,Illinois Tool Works,Industrial Machinery,Glenview,Illinois,60025,www.itw.com,"46,000","$15,932","$74,209","$3,034",19,Scott Santi
261,PH,Parker-Hannifin,Industrial Machinery,Cleveland,Ohio,44124,www.parker.com,"55,090","$15,862","$43,112","$1,316",8.3,Jennifer A. Parmentier
262,BWA,BorgWarner,Motor Vehicles & Parts,Auburn Hills,Michigan,48326,www.borgwarner.com,"52,700","$15,801","$11,481",$944,6,Frederic B. Lissalde
263,WLK,Westlake,Chemicals,Houston,Texas,77056,www.westlake.com,"15,920","$15,794","$14,812","$2,247",14.2,Albert Yuan Chao
264,ED,Consolidated Edison,Utilities: Gas and Electric,New York,New York,10003,www.conedison.com,"14,319","$15,670","$33,967","$1,660",10.6,Timothy P. Cawley
265,GPS,Gap,Specialty Retailers: Apparel,San Francisco,California,94105,www.gapinc.com,"95,000","$15,616","$3,693",-$202,-1.3,Bobby Martin
266,OPEN,Opendoor Technologies,Internet Services and Retailing,Tempe,Arizona,85281,www.opendoor.com,"2,570","$15,567","$1,131","-$1,353",-8.7,Carrie Wheeler
267,JWN,Nordstrom,General Merchandisers,Seattle,Washington,98101,www.nordstrom.com,"60,000","$15,530","$2,606",$245,1.6,Erik B. Nordstrom
268,ABG,Asbury Automotive Group,"Automotive Retailing, Services",Duluth,Georgia,30097,www.asburyauto.com,"13,000","$15,434","$4,557",$997,6.5,David W. Hult
269,BALL,Ball,"Packaging, Containers",Westminster,Colorado,80021,www.ball.com,"21,000","$15,349","$17,326",$719,4.7,Dan Fisher
270,K,Kellogg,Food Consumer Products,Battle Creek,Michigan,49017,www.kelloggcompany.com,"30,000","$15,315","$22,945",$960,6.3,Steven A. Cahillane
271,XEL,Xcel Energy,Utilities: Gas and Electric,Minneapolis,Minnesota,55401,www.xcelenergy.com,"11,982","$15,310","$37,082","$1,736",11.3,Bob Frenzel
272,GWW,W.W. Grainger,Wholesalers: Diversified,Lake Forest,Illinois,60045,www.grainger.com,"24,500","$15,228","$34,622","$1,547",10.2,Donald G. Macpherson
273,DFS,Discover Financial Services,Commercial Banks,Riverwoods,Illinois,60015,www.discover.com,"20,200","$15,202","$25,635","$4,392",28.9,Roger C. Hochschild
274,BAX,Baxter International,Medical Products and Equipment,Deerfield,Illinois,60015,www.baxter.com,"60,000","$15,113","$20,504","-$2,433",-16.1,Jose E Almeida
275,SWN,Southwestern Energy,"Mining, Crude-Oil Production",Spring,Texas,77389,www.swn.com,"1,118","$15,002","$5,506","$1,849",12.3,Bill Way
276,DCP,DCP Midstream,Pipelines,Denver,Colorado,80237,www.dcpmidstream.com,"1,910","$14,993","$8,701","$1,052",7,
277,J,Jacobs Solutions,Engineering & Construction,Dallas,Texas,75201,www.jacobs.com,"58,350","$14,923","$14,890",$644,4.3,Bob Pragada
278,LH,Laboratory Corp. of America,Health Care: Pharmacy and Other Services,Burlington,North Carolina,27215,www.labcorp.com,"75,200","$14,877","$20,304","$1,279",8.6,Adam H. Schechter
279,CSX,CSX,Railroads,Jacksonville,Florida,32202,www.csx.com,"22,542","$14,853","$61,330","$4,166",28,Joseph R. Hinrichs
280,JBHT,J.B. Hunt Transport Services,"Trucking, Truck Leasing",Lowell,Arkansas,72745,www.jbhunt.com,"37,151","$14,814","$18,208",$969,6.5,John N. Roberts Iii
282,JXN,Jackson Financial,"Insurance: Life, Health (Stock)",Lansing,Michigan,48951,www.jackson.com,"3,435","$14,551","$3,078","$5,697",39.2,Laura L. Prieskorn
283,FIS,Fidelity National Information Services,Financial Data Services,Jacksonville,Florida,32202,www.fisglobal.com,"69,000","$14,528","$32,160","-$16,720",-115.1,Stephanie Ferris
284,BERY,Berry Global Group,"Packaging, Containers",Evansville,Indiana,47710,www.berryglobal.com,"46,000","$14,495","$7,151",$766,5.3,Thomas E. Salmon
285,SRE,Sempra,Utilities: Gas and Electric,San Diego,California,92101,www.sempra.com,"15,785","$14,439","$47,563","$2,138",14.8,
286,IQV,IQVIA Holdings,Health Care: Pharmacy and Other Services,Durham,North Carolina,27703,www.iqvia.com,"86,000","$14,410","$37,022","$1,091",7.6,Ari Bousbib
287,ORLY,O'Reilly Automotive,Specialty Retailers: Other,Springfield,Montana,65802,www.oreillyauto.com,"79,679","$14,410","$52,269","$2,173",15.1,Gregory D. Johnson
288,LDOS,Leidos Holdings,Information Technology Services,Reston,Virginia,20190,www.leidos.com,"45,000","$14,396","$12,630",$685,4.8,Thomas A. Bell
289,AMP,Ameriprise Financial,Diversified Financials,Minneapolis,Minnesota,55474,www.ameriprise.com,"13,500","$14,347","$32,228","$2,559",17.8,James M. Cracchiolo
290,OMC,Omnicom Group,"Advertising, Marketing",New York,New York,10017,www.omnicomgroup.com,"74,200","$14,289","$19,001","$1,317",9.2,John D. Wren
291,TSCO,Tractor Supply,Specialty Retailers: Other,Brentwood,Tennessee,37027,www.tractorsupply.com,"36,500","$14,205","$25,830","$1,089",7.7,Harry A. Lawton Iii
292,GLW,Corning,"Electronics, Electrical Equip.",Corning,New York,14831,www.corning.com,"57,500","$14,189","$29,890","$1,316",9.3,Wendell P. Weeks
293,ECL,Ecolab,Chemicals,St. Paul,Minnesota,55102,www.ecolab.com,"47,000","$14,188","$47,121","$1,092",7.7,Christophe Beck
294,IEP,Icahn Enterprises,Diversified Financials,Sunny Isles Beach,Florida,33160,www.ielp.com,"20,041","$14,101","$18,283",-$183,-1.3,David Willetts
296,KDP,Keurig Dr Pepper,Beverages,Burlington,Massachusetts,1803,www.keurigdrpepper.com,"28,000","$14,057","$49,620","$1,436",10.2,Robert J. Gamgort
297,L,Loews,Insurance: Property and Casualty (Stock),New York,New York,10065,www.loews.com,"12,050","$14,044","$13,395","$1,012",7.2,James S. Tisch
298,EQH,Equitable Holdings,"Insurance: Life, Health (Stock)",New York,New York,10104,www.equitableholdings.com,"10,250","$14,017","$9,186","$1,785",12.7,Mark Pearson
299,SAH,Sonic Automotive,"Automotive Retailing, Services",Charlotte,North Carolina,28211,www.sonicautomotive.com,"10,300","$14,001","$1,930",$89,0.6,David Bruton Smith
300,FOXA,Fox,Entertainment,New York,New York,10036,www.foxcorporation.com,"10,600","$13,974","$17,551","$1,205",8.6,Lachlan K. Murdoch
302,ETR,Entergy,Utilities: Gas and Electric,New Orleans,Louisiana,70113,www.entergy.com,"11,707","$13,764","$22,851","$1,103",8,Andrew S. Marsh
303,FLR,Fluor,Engineering & Construction,Irving,Texas,75039,www.fluor.com,"39,576","$13,744","$4,392",$145,1.1,David E. Constable
304,VST,Vistra,Energy,Irving,Texas,75039,www.vistracorp.com,"4,910","$13,728","$9,155","-$1,227",-8.9,
305,STT,State Street,Commercial Banks,Boston,Massachusetts,2111,www.statestreet.com,"42,226","$13,692","$26,074","$2,774",20.3,Ronald P. O'Hanley
306,OTIS,Otis Worldwide,Industrial Machinery,Farmington,Connecticut,6032,www.otis.com,"69,000","$13,685","$35,015","$1,253",9.2,Judith F. Marks
308,CVNA,Carvana,"Automotive Retailing, Services",Tempe,Arizona,85281,www.carvana.com,"16,600","$13,604","$1,761","-$1,587",-11.7,Ernest C. Garcia Iii
309,RSG,Republic Services,Waste Management,Phoenix,Arizona,85054,www.republicservices.com,"40,000","$13,511","$42,763","$1,488",11,Jon Vander Ark
310,ACM,AECOM,Engineering & Construction,Dallas,Texas,75240,www.aecom.com,"50,000","$13,496","$11,716",$311,2.3,Troy Rudd
311,UHS,Universal Health Services,Health Care: Medical Facilities,King of Prussia,Pennsylvania,19406,www.uhs.com,"82,500","$13,399","$8,982",$676,5,Marc D. Miller
313,VMW,VMware,Computer Software,Palo Alto,California,94304,www.vmware.com,"38,300","$13,350","$53,496","$1,314",9.8,Raghu Raghuram
315,MGM,MGM Resorts International,"Hotels, Casinos, Resorts",Las Vegas,Nevada,89109,www.mgmresorts.com,"66,000","$13,128","$16,564","$1,473",11.2,William J. Hornbuckle
316,CASY,Casey's General Stores,Specialty Retailers: Other,Ankeny,Iowa,50021,www.caseys.com,"31,466","$12,953","$8,066",$340,2.6,Darren Rebelez
317,CCK,Crown Holdings,"Packaging, Containers",Tampa,Florida,33637,www.crowncork.com,"26,000","$12,943","$9,934",$727,5.6,Timothy J. Donahue
318,TXT,Textron,Aerospace & Defense,Providence,Rhose Island,2903,www.textron.com,"34,000","$12,869","$14,385",$861,6.7,Scott C. Donnelly
319,LKQ,LKQ,Wholesalers: Diversified,Chicago,Illinois,60661,www.lkqcorp.com,"45,000","$12,794","$15,171","$1,149",9,Dominick P. Zarcone
320,NSC,Norfolk Southern,Railroads,Atlanta,Georgia,30308,www.norfolksouthern.com,"19,300","$12,745","$48,257","$3,270",25.7,Alan H. Shaw
321,INTU,Intuit,Computer Software,Mountain View,California,94043,www.intuit.com,"21,850","$12,726","$125,076","$2,066",16.2,Sasan K. Goodarzi
322,APD,Air Products & Chemicals,Chemicals,Allentown,Pennsylvania,18106,www.airproducts.com,"20,805","$12,699","$63,784","$2,256",17.8,Seifi Ghasemi
323,BSX,Boston Scientific,Medical Products and Equipment,Marlborough,Massachusetts,1752,www.bostonscientific.com,"45,000","$12,682","$71,910",$698,5.5,Michael F. Mahoney
324,AGCO,AGCO,Construction and Farm Machinery,Duluth,Georgia,30096,www.agcocorp.com,"25,600","$12,651","$10,119",$890,7,Eric P. Hansotia
325,HSIC,Henry Schein,Wholesalers: Health Care,Melville,New York,11747,www.henryschein.com,"22,000","$12,647","$10,705",$538,4.3,Stanley M. Bergman
326,APH,Amphenol,Network and Other Communications Equipment,Wallingford,Connecticut,6492,www.amphenol.com,"91,000","$12,623","$48,591","$1,902",15.1,Adam Norwitt
327,AES,AES,Utilities: Gas and Electric,Arlington,Virginia,22203,www.aes.com,"9,100","$12,617","$16,110",-$546,-4.3,Andres R. Gluski
329,OVV,Ovintiv,"Mining, Crude-Oil Production",Denver,Colorado,80202,www.ovintiv.com,"1,744","$12,464","$8,772","$3,637",29.2,Brendan M. Mccracken
330,HRL,Hormel Foods,Food Consumer Products,Austin,Minnesota,55912,www.hormelfoods.com,"20,000","$12,459","$21,796","$1,000",8,Jim(James) Snee
331,AA,Alcoa,Metals,Pittsburgh,Pennsylvania,15212,www.alcoa.com,"13,100","$12,451","$7,591",-$123,-1,Roy C. Harvey
332,IFF,International Flavors & Fragrances,Chemicals,New York,New York,10019,www.iff.com,"24,600","$12,440","$23,456","-$1,871",-15,Frank Clyburn
334,DKS,Dick's Sporting Goods,Specialty Retailers: Other,Coraopolis,Pennsylvania,15108,www.dickssportinggoods.com,"35,800","$12,368","$12,148","$1,043",8.4,Lauren R. Hobart
335,ES,Eversource Energy,Utilities: Gas and Electric,Springfield,Massachusetts,1104,www.eversource.com,"9,626","$12,289","$27,287","$1,405",11.4,Joseph R. Nolan
336,W,Wayfair,Internet Services and Retailing,Boston,Massachusetts,2116,www.wayfair.com,"15,745","$12,218","$3,796","-$1,331",-10.9,Niraj S. Shah
337,CYH,Community Health Systems,Health Care: Medical Facilities,Franklin,Tennessee,37067,www.chs.net,"58,500","$12,211",$670,$46,0.4,Tim L. Hingten
338,ALLY,Ally Financial,Diversified Financials,Detroit,Michigan,48226,www.ally.com,"11,600","$12,199","$7,668","$1,714",14.1,Jeffrey J. Brown
339,REGN,Regeneron Pharmaceuticals,Pharmaceuticals,Tarrytown,New York,10591,www.regeneron.com,"11,851","$12,173","$89,830","$4,338",35.6,Leonard S. Schleifer
340,LSXMA,Liberty Media,Entertainment,Englewood,Colorado,80112,www.libertymedia.com,"7,283","$12,164","$9,130","$1,815",14.9,Gregory B. Maffei
341,APA,APA,"Mining, Crude-Oil Production",Houston,Texas,77056,www.apacorp.com,"2,273","$12,132","$11,213","$3,674",30.3,John J. Christmann Iv
342,QRTEA,Qurate Retail,Internet Services and Retailing,Englewood,Colorado,80112,www.qurateretail.com,"24,683","$12,106",$406,"-$2,594",-21.4,David Rawlinson Ii
343,FE,FirstEnergy,Utilities: Gas and Electric,Akron,Ohio,44308,www.firstenergycorp.com,"12,335","$12,053","$22,924",$406,3.4,Brian X. Tierney
344,ADI,Analog Devices,Semiconductors and Other Electronic Components,Wilmington,Massachusetts,1887,www.analog.com,"24,450","$12,014","$99,764","$2,749",22.9,Vincent T. Roche
345,R,Ryder System,Transportation and Logistics,Miami,Florida,33178,www.ryder.com,"48,300","$12,011","$4,147",$867,7.2,Robert E. Sanchez
346,CAR,Avis Budget Group,"Automotive Retailing, Services",Parsippany,New Jersey,7054,www.avisbudgetgroup.com,"21,500","$11,994","$7,689","$2,764",23,Joseph A. Ferraro
347,UNM,Unum Group,"Insurance: Life, Health (Stock)",Chattanooga,Tennessee,37402,www.unum.com,"10,801","$11,991","$7,805","$1,314",11,Richard P. Mckenney
348,NEM,Newmont,"Mining, Crude-Oil Production",Denver,Colorado,80237,www.newmont.com,"14,600","$11,915","$38,947",-$429,-3.6,Thomas R. Palmer
349,VFC,VF,Apparel,Denver,Colorado,80202,www.vfc.com,"27,650","$11,842","$8,904","$1,387",11.7,Benno Dorer
350,CHK,Chesapeake Energy,"Mining, Crude-Oil Production",Oklahoma City,Oklahoma,73118,www.chk.com,"1,200","$11,743","$10,244","$4,936",42,Nick Dell'Osso
351,MHK,Mohawk Industries,"Home Equipment, Furnishings",Calhoun,Georgia,30701,www.mohawkind.com,"40,900","$11,737","$6,368",$25,0.2,Jeffrey S. Lorberbaum
352,MKL,Markel,Insurance: Property and Casualty (Stock),Glen Allen,Virginia,23060,www.markel.com,"20,900","$11,675","$17,094",-$214,-1.8,Thomas S. Gayner
353,EXPE,Expedia Group,Internet Services and Retailing,Seattle,Washington,98119,www.expediagroup.com,"16,500","$11,667","$14,879",$352,3,Peter M. Kern
354,CZR,Caesars Entertainment,"Hotels, Casinos, Resorts",Reno,Nevada,89501,www.caesars.com,"49,000","$11,647","$10,503",-$899,-7.7,Thomas R. Reeg
355,URI,United Rentals,Equipment Leasing,Stamford,Connecticut,6902,www.unitedrentals.com,"24,600","$11,642","$27,460","$2,105",18.1,Matthew J. Flannery
356,APO,Apollo Global Management,Securities,New York,New York,10019,www.apollo.com,"4,258","$11,627","$36,042","-$3,213",-27.6,Marc Rowan
357,DVA,DaVita,Health Care: Medical Facilities,Denver,Colorado,80202,www.davita.com,"70,000","$11,610","$7,332",$560,4.8,Javier J. Rodriguez
358,HES,Hess,"Mining, Crude-Oil Production",New York,New York,10036,www.hess.com,"1,623","$11,570","$40,520","$2,096",18.1,John B. Hess
359,FNF,Fidelity National Financial,Insurance: Property and Casualty (Stock),Jacksonville,Florida,32204,www.fnf.com,"21,759","$11,556","$9,508","$1,136",9.8,Mike Nolan
360,CAG,Conagra Brands,Food Consumer Products,Chicago,Illinois,60654,www.conagrabrands.com,"18,000","$11,536","$17,902",$888,7.7,Sean M. Connolly
361,UNVR,Univar Solutions,Wholesalers: Diversified,Downers Grove,Illinois,60515,www.univarsolutions.com,"9,746","$11,475","$5,521",$545,4.8,David C. Jukes
363,RJF,Raymond James Financial,Securities,St. Petersburg,Florida,33716,www.raymondjames.com,"17,000","$11,308","$20,086","$1,509",13.3,Paul C. Reilly
364,SEB,Seaboard,Food Production,Merriam,Kansas,66202,www.seaboardcorp.com,"12,614","$11,243","$4,376",$580,5.2,Robert L. Steer
365,CF,CF Industries Holdings,Chemicals,Deerfield,Illinois,60015,www.cfindustries.com,"2,659","$11,186","$14,206","$3,346",29.9,Tony Will
366,SPGI,S&P Global,Financial Data Services,New York,New York,10041,www.spglobal.com,"39,950","$11,181","$113,066","$3,248",29,Douglas L. Peterson
367,WRB,W.R. Berkley,Insurance: Property and Casualty (Stock),Greenwich,Connecticut,6830,www.berkley.com,"8,186","$11,167","$16,402","$1,381",12.4,Robert Berkley
368,AAP,Advance Auto Parts,Specialty Retailers: Other,Raleigh,North Carolina,27609,www.advanceautoparts.com,"53,500","$11,155","$7,208",$502,4.5,Thomas R. Greco
369,EME,EMCOR Group,Engineering & Construction,Norwalk,Connecticut,6851,www.emcorgroup.com,"35,500","$11,076","$7,754",$406,3.7,
370,WMB,Williams,Pipelines,Tulsa,Oklahoma,74172,www.williams.com,"5,043","$10,965","$36,394","$2,049",18.7,Alan S. Armstrong
371,IPG,Interpublic Group,"Advertising, Marketing",New York,New York,10022,www.interpublic.com,"58,400","$10,928","$14,341",$938,8.6,Phillippe Krakowsky
372,TA,TravelCenters of America,Specialty Retailers: Other,Westlake,Ohio,44145,www.ta-petro.com,"17,195","$10,845","$1,306",$164,1.5,Jonathan M. Pertchik
373,AMT,American Tower,Real Estate,Boston,Massachusetts,2116,www.americantower.com,"6,391","$10,711","$95,150","$1,766",16.5,Thomas A. Bartlett
374,TAP,Molson Coors Beverage,Beverages,Chicago,Illinois,60606,www.molsoncoors.com,"16,600","$10,701","$11,360",-$175,-1.6,Gavin D.K. Hattersley
375,HII,Huntington Ingalls Industries,Aerospace & Defense,Newport News,Virginia,23607,www.hii.com,"43,000","$10,676","$8,265",$579,5.4,Christopher D. Kastner
376,NVR,NVR,Homebuilders,Reston,Virginia,20190,www.nvrinc.com,"6,550","$10,580","$18,096","$1,726",16.3,Eugene J. Bredow
377,EMN,Eastman Chemical,Chemicals,Kingsport,Tennessee,37660,www.eastman.com,"14,500","$10,580","$10,048",$793,7.5,
379,NSIT,Insight Enterprises,Information Technology Services,Chandler,Arizona,85286,www.insight.com,"13,448","$10,431","$4,833",$281,2.7,Joyce Mullen
380,HSY,Hershey,Food Consumer Products,Hershey,Pennsylvania,17033,www.thehersheycompany.com,"18,970","$10,419","$51,909","$1,645",15.8,Michele G. Buck
381,NWSA,News Corp.,"Publishing, Printing",New York,New York,10036,www.newscorp.com,"25,500","$10,385","$9,972",$623,6,Robert J. Thomson
382,TOL,Toll Brothers,Homebuilders,Fort Washington,Pennsylvania,19034,www.tollbrothers.com,"5,200","$10,276","$6,647","$1,287",12.5,Douglas C. Yearley Jr.
383,ULTA,Ulta Beauty,Specialty Retailers: Other,Bolingbrook,Illinois,60440,www.ulta.com,"35,750","$10,209","$27,390","$1,242",12.2,David C. Kimbell
384,AIZ,Assurant,Insurance: Property and Casualty (Stock),Atlanta,Georgia,30339,www.assurant.com,"13,700","$10,193","$6,354",$277,2.7,Keith W. Demmings
385,WY,Weyerhaeuser,Forest and Paper Products,Seattle,Washington,98104,www.weyerhaeuser.com,"9,264","$10,184","$22,082","$1,880",18.5,Devin W. Stockfish
386,BIIB,Biogen,Pharmaceuticals,Cambridge,Massachusetts,2142,www.biogen.com,"8,725","$10,173","$40,171","$3,047",29.9,Christopher A. Viehbacher
387,DAN,Dana,Motor Vehicles & Parts,Maumee,Ohio,43537,www.dana.com,"41,800","$10,156","$2,172",-$242,-2.4,James K. Kamsickas
388,UGI,UGI,Utilities: Gas and Electric,King of Prussia,Pennsylvania,19406,www.ugicorp.com,"10,000","$10,106","$7,284","$1,073",10.6,Roger Perreault
389,CHWY,Chewy,Internet Services and Retailing,Plantation,Florida,33322,www.chewy.com,"19,400","$10,099","$15,959",$49,0.5,Sumit Singh
390,OMI,Owens & Minor,Wholesalers: Health Care,Mechanicsville,Virginia,23116,www.owens-minor.com,"22,500","$9,956","$1,109",$22,0.2,Edward A. Pesicka
391,DGX,Quest Diagnostics,Health Care: Pharmacy and Other Services,Secaucus,New Jersey,7094,www.questdiagnostics.com,"44,500","$9,883","$15,750",$946,9.6,James E. Davis
392,PEG,Public Service Enterprise Group,Utilities: Gas and Electric,Newark,New Jersey,7102,www.pseg.com,"12,525","$9,800","$31,148","$1,031",10.5,Ralph A. Larossa
393,EBAY,Ebay,Internet Services and Retailing,San Jose,California,95125,www.ebay.com,"11,600","$9,795","$23,821","-$1,269",-13,Jamie Iannone
394,MTZ,MasTec,Engineering & Construction,Coral Gables,Florida,33134,www.mastec.com,"32,000","$9,778","$7,441",$33,0.3,Jose R. Mas
395,OC,Owens Corning,"Building Materials, Glass",Toledo,Ohio,43659,www.owenscorning.com,"19,000","$9,761","$8,697","$1,241",12.7,Brian D. Chambers
396,CE,Celanese,Chemicals,Irving,Texas,75039,www.celanese.com,"13,263","$9,673","$12,068","$1,894",19.6,Lori J. Ryerkerk
397,ATUS,Altice USA,Telecommunications,Long Island City,New York,11101,www.alticeusa.com,"11,000","$9,648","$1,560",$195,2,Dennis Mathew
398,ALK,Alaska Air Group,Airlines,Seattle,Washington,98188,www.alaskaair.com,"24,196","$9,646","$5,348",$58,0.6,Benito Minicucci
399,SPTN,SpartanNash,Wholesalers: Food and Grocery,Byron Center,Michigan,49315,www.spartannash.com,"14,000","$9,643",$870,$35,0.4,Tony Sarsam
400,FANG,Diamondback Energy,"Mining, Crude-Oil Production",Midland,Texas,79701,www.diamondbackenergy.com,972,"$9,643","$24,816","$4,386",45.5,Travis D. Stice
401,ICE,Intercontinental Exchange,Securities,Atlanta,Georgia,30328,www.ice.com,"8,911","$9,636","$58,372","$1,446",15,Jeffrey C. Sprecher
402,DRI,Darden Restaurants,Food Services,Orlando,Florida,32837,www.darden.com,"178,956","$9,630","$18,884",$953,9.9,Rick Cardenas
403,UFPI,UFP Industries,"Building Materials, Glass",Grand Rapids,Michigan,49525,www.ufpi.com,"15,500","$9,627","$4,964",$693,7.2,Matthew J. Missad
404,WEC,WEC Energy Group,Utilities: Gas and Electric,Milwaukee,Wisconsin,53203,www.wecenergygroup.com,"7,022","$9,597","$29,900","$1,408",14.7,Scott J. Lauber
405,YUMC,Yum China Holdings,Food Services,Plano,Texas,75074,ir.yumchina.com,"275,500","$9,569","$26,517",$442,4.6,Joey Wat
406,ENLC,EnLink Midstream,Pipelines,Dallas,Texas,75201,www.enlink.com,"1,132","$9,542","$5,102",$361,3.8,Jesse Arenivas
408,NWL,Newell Brands,"Home Equipment, Furnishings",Atlanta,Georgia,30328,www.newellbrands.com,"28,000","$9,459","$5,145",$197,2.1,Christopher H. Peterson
409,GPK,Graphic Packaging Holding,"Packaging, Containers",Atlanta,Georgia,30328,www.graphicpkg.com,"24,000","$9,440","$7,829",$522,5.5,Michael Doss
410,OLN,Olin,Chemicals,Clayton,Montana,63105,www.olin.com,"7,780","$9,376","$7,263","$1,327",14.2,Scott M. Sutton
411,FITB,Fifth Third Bancorp,Commercial Banks,Cincinnati,Ohio,45263,www.53.com,"19,319","$9,353","$18,143","$2,446",26.2,Tim Spence
413,CNP,CenterPoint Energy,Utilities: Gas and Electric,Houston,Texas,77002,www.centerpointenergy.com,"8,986","$9,321","$18,589","$1,057",11.3,David J. Lesar
415,COMM,CommScope Holding,Network and Other Communications Equipment,Hickory,North Carolina,28602,www.commscope.com,"30,000","$9,228","$1,336","-$1,287",-13.9,Charles L. Treadway
416,KLAC,KLA,Semiconductors and Other Electronic Components,Milpitas,California,95035,www.kla.com,"14,140","$9,212","$55,277","$3,322",36.1,Rick Wallace
417,JBLU,JetBlue Airways,Airlines,Long Island City,New York,11101,www.jetblue.com,"18,785","$9,158","$2,383",-$362,-4,Robin Hayes
418,MSI,Motorola Solutions,Network and Other Communications Equipment,Chicago,Illinois,60661,www.motorolasolutions.com,"20,000","$9,112","$47,917","$1,363",15,Gregory Q. Brown
419,CFG,Citizens Financial Group,Commercial Banks,Providence,Rhose Island,2903,www.citizensbank.com,"18,889","$9,069","$14,709","$2,073",22.9,Bruce W. Van Saun
420,CTRA,Coterra Energy,"Mining, Crude-Oil Production",Houston,Texas,77024,www.coterra.com,"1,225","$9,051","$18,786","$4,065",44.9,Thomas E. Jorden
421,AVY,Avery Dennison,"Packaging, Containers",Mentor,Ohio,44060,www.averydennison.com,"36,000","$9,039","$14,513",$757,8.4,Mitchell R. Butier
422,PVH,PVH,Apparel,New York,New York,10017,www.pvh.com,"25,000","$9,024","$5,592",$200,2.2,Stefan Larsson
423,GXO,GXO Logistics,Transportation and Logistics,Greenwich,Connecticut,6831,www.gxo.com,"112,000","$8,993","$5,993",$197,2.2,Malcolm Wilson
424,PII,Polaris,Transportation Equipment,Medina,Minnesota,55340,www.polaris.com,"16,200","$8,987","$6,304",$447,5,Michael T. Speetzen
425,GPN,Global Payments,Financial Data Services,Atlanta,Georgia,30326,www.globalpaymentsinc.com,"25,000","$8,976","$27,761",$112,1.2,Jeffrey S. Sloan
426,ARNC,Arconic,Metals,Pittsburgh,Pennsylvania,15212,www.arconic.com,"11,550","$8,961","$2,607",-$182,-2,Timothy D. Myers
427,VRTX,Vertex Pharmaceuticals,Pharmaceuticals,Boston,Massachusetts,2210,www.vrtx.com,"4,800","$8,931","$81,002","$3,322",37.2,Reshma Kewalramani
428,CMC,Commercial Metals,Metals,Irving,Texas,75039,www.cmc.com,"12,483","$8,914","$5,727","$1,217",13.7,Barbara R. Smith
429,ALV,Autoliv,Motor Vehicles & Parts,Auburn Hills,Michigan,48326,www.autoliv.com,"65,300","$8,842","$8,013",$423,4.8,Mikael Bratt
430,STZ,Constellation Brands,Beverages,Victor,New York,14564,www.cbrands.com,"10,000","$8,821","$41,688",-$40,-0.5,Bill Newlands
431,HLT,Hilton Worldwide Holdings,"Hotels, Casinos, Resorts",McLean,Virginia,22102,www.hilton.com,"159,000","$8,773","$37,535","$1,255",14.3,Christopher J. Nassetta
432,FL,Foot Locker,Specialty Retailers: Apparel,New York,New York,10001,www.footlocker.com/corp,"31,040","$8,759","$3,708",$342,3.9,Mary N. Dillon
433,HUN,Huntsman,Chemicals,The Woodlands,Texas,77380,www.huntsman.com,"7,000","$8,715","$5,025",$460,5.3,Peter R. Huntsman
434,BURL,Burlington Stores,Specialty Retailers: Apparel,Burlington,New Jersey,8016,www.burlingtoninvestors.com,"38,018","$8,703","$13,123",$230,2.6,Michael B. O‚ÄôSullivan
435,HTZ,Hertz Global Holdings,"Automotive Retailing, Services",Estero,Florida,33928,www.hertz.com,"25,000","$8,685","$5,252","$2,059",23.7,Stephen M. Scherr
436,MAS,Masco,"Home Equipment, Furnishings",Livonia,Michigan,48152,www.masco.com,"19,000","$8,680","$11,207",$844,9.7,Keith J. Allman
437,WSM,Williams-Sonoma,Specialty Retailers: Other,San Francisco,California,94109,www.williams-sonomainc.com,"16,800","$8,674","$8,057","$1,128",13,Laura J. Alber
438,CMG,Chipotle Mexican Grill,Food Services,Newport Beach,California,92660,www.chipotle.com,"104,958","$8,635","$47,186",$899,10.4,Brian R. Niccol
439,MTB,M&T Bank,Commercial Banks,Buffalo,New York,14203,www.mtb.com,"22,509","$8,604","$20,093","$1,992",23.1,Rene F. Jones
440,LPLA,LPL Financial Holdings,Securities,San Diego,California,92121,www.lpl.com,"6,415","$8,601","$15,914",$846,9.8,Dan H. Arnold
441,CMS,CMS Energy,Utilities: Gas and Electric,Jackson,Michigan,49201,www.cmsenergy.com,"8,817","$8,596","$17,902",$837,9.7,Garrick J. Rochow
442,CPB,Campbell Soup,Food Consumer Products,Camden,New Jersey,8103,www.campbellsoupcompany.com,"14,700","$8,562","$16,465",$757,8.8,Mark A. Clouse
443,AJG,Arthur J. Gallagher,Diversified Financials,Rolling Meadows,Illinois,60008,www.ajg.com,"43,640","$8,551","$40,955","$1,114",13,Patrick Gallagher
444,BX,Blackstone,Diversified Financials,New York,New York,10154,www.blackstone.com,"4,695","$8,518","$62,048","$1,748",20.5,Stephen A. Schwarzman
445,DOV,Dover,Industrial Machinery,Downers Grove,Illinois,60515,www.dovercorporation.com,"25,000","$8,508","$21,237","$1,065",12.5,Richard J. Tobin
446,ODP,ODP,Specialty Retailers: Other,Boca Raton,Florida,33496,www.theodpcorp.com,"25,000","$8,491","$1,806",$166,2,Gerry P. Smith
447,PKG,Packaging Corp. of America,"Packaging, Containers",Lake Forest,Illinois,60045,www.packagingcorp.com,"15,100","$8,478","$12,479","$1,030",12.1,Mark W. Kowlzan
448,BHF,Brighthouse Financial,"Insurance: Life, Health (Stock)",Charlotte,North Carolina,28277,www.brighthousefinancial.com,"1,500","$8,473","$2,986",$5,0.1,
449,BECN,Beacon Roofing Supply,Wholesalers: Diversified,Herndon,Virginia,20170,www.becn.com,"7,478","$8,430","$3,781",$458,5.4,Julian G. Francis
450,ABNB,Airbnb,Internet Services and Retailing,San Francisco,California,94103,www.airbnb.com,"6,811","$8,399","$79,682","$1,893",22.5,Brian Chesky
451,BCC,Boise Cascade,Wholesalers: Diversified,Boise,Idaho,83702,www.bc.com,"6,840","$8,387","$2,506",$858,10.2,
452,BAH,Booz Allen Hamilton Holding,Information Technology Services,McLean,Virginia,22102,www.boozallen.com,"29,300","$8,364","$12,261",$467,5.6,Horacio D. Rozanski
453,WAB,Westinghouse Air Brake Technologies,Industrial Machinery,Pittsburgh,Pennsylvania,15212,www.wabteccorp.com,"27,000","$8,362","$18,226",$633,7.6,Rafael O. Santana
454,ON,ON Semiconductor,Semiconductors and Other Electronic Components,Scottsdale,Arizona,85250,www.onsemi.com,"31,055","$8,326","$35,560","$1,902",22.8,Hassane El-Khoury
455,OSK,Oshkosh,Construction and Farm Machinery,Oshkosh,Wisconsin,54902,www.oshkoshcorp.com,"15,000","$8,282","$5,445",$174,2.1,John C. Pfeifer
456,BEN,Franklin Resources,Securities,San Mateo,California,94403,www.franklinresources.com,"9,800","$8,275","$13,480","$1,292",15.6,Jenny Johnson
457,TMHC,Taylor Morrison Home,Homebuilders,Scottsdale,Arizona,85251,www.taylormorrison.com,"3,000","$8,225","$4,144","$1,053",12.8,Sheryl D. Palmer
458,AMRK,A-Mark Precious Metals,Wholesalers: Diversified,El Segundo,California,90245,www.amark.com,381,"$8,159",$815,$133,1.6,Gregory N. Roberts
459,KEY,KeyCorp,Commercial Banks,Cleveland,Ohio,44114,www.key.com,"17,660","$8,130","$11,579","$1,917",23.6,Christopher M. Gorman
460,ARKO,ARKO,Specialty Retailers: Other,Richmond,Virginia,23227,www.arkocorp.com,"12,223","$8,128","$1,020",$72,0.9,Arie Kotler
461,LULU,Lululemon athletica,Specialty Retailers: Apparel,Sumner,Washington,98390,www.lululemon.com,"34,000","$8,111","$46,312",$855,10.5,Calvin Mcdonald
462,ORI,Old Republic International,Insurance: Property and Casualty (Stock),Chicago,Illinois,60601,www.oldrepublic.com,"9,500","$8,084","$7,399",$686,8.5,Craig R. Smiddy
463,ZTS,Zoetis,Pharmaceuticals,Parsippany,New Jersey,7054,www.zoetis.com,"13,800","$8,080","$77,053","$2,114",26.2,Kristin C. Peck
464,MRO,Marathon Oil,"Mining, Crude-Oil Production",Houston,Texas,77024,www.marathonoil.com,"1,570","$8,036","$15,087","$3,612",44.9,Lee M. Tillman
465,SJM,J.M. Smucker,Food Consumer Products,Orrville,Ohio,44667,www.jmsmucker.com,"6,700","$7,999","$16,781",$632,7.9,Mark T. Smucker
466,HBAN,Huntington Bancshares,Commercial Banks,Columbus,Ohio,43287,www.huntington.com,"19,920","$7,950","$16,236","$2,238",28.2,Stephen D. Steinour
467,NGL,NGL Energy Partners,Pipelines,Tulsa,Oklahoma,74136,www.nglenergypartners.com,842,"$7,948",$381,-$185,-2.3,Michael Krimbill
468,INGR,Ingredion,Food Production,Westchester,Illinois,60154,www.ingredion.com,"11,700","$7,946","$6,711",$492,6.2,James (Jim) Zallie
469,FBIN,Fortune Brands Innovations,"Building Materials, Glass",Deerfield,Illinois,60015,www.fbin.com,"11,200","$7,923","$7,457",$687,8.7,Nicholas Fink
470,PPL,PPL,Utilities: Gas and Electric,Allentown,Pennsylvania,18101,www.pplweb.com,"6,527","$7,902","$20,472",$756,9.6,Vincent Sorgi
471,SANM,Sanmina,Semiconductors and Other Electronic Components,San Jose,California,95134,www.sanmina.com,"36,000","$7,891","$3,559",$256,3.2,Jure Sola
472,BBBY,Bed Bath & Beyond,Specialty Retailers: Other,Union,New Jersey,7083,www.bedbathandbeyond.com,"32,000","$7,868",$183,-$560,-7.1,Sue E. Gove
473,CTAS,Cintas,Diversified Outsourcing Services,Cincinnati,Ohio,45262,www.cintas.com,"43,000","$7,855","$47,042","$1,236",15.7,Todd M. Schneider
474,NCR,NCR,"Computers, Office Equipment",Atlanta,Georgia,30308,www.ncr.com,"35,000","$7,844","$3,304",$60,0.8,Michael Hayford
475,ABM,ABM Industries,Diversified Outsourcing Services,New York,New York,10006,www.abm.com,"127,000","$7,807","$2,971",$230,3,Scott B. Salmirs
476,ROK,Rockwell Automation,"Electronics, Electrical Equip.",Milwaukee,Wisconsin,53204,www.rockwellautomation.com,"26,000","$7,760","$33,683",$932,12,Blake D. Moret
477,NTRS,Northern Trust,Commercial Banks,Chicago,Illinois,60603,www.northerntrust.com,"23,600","$7,752","$18,309","$1,336",17.2,Michael G. O'Grady
478,XPO,XPO,Transportation and Logistics,Greenwich,Connecticut,6831,www.xpo.com,"39,500","$7,718","$3,685",$666,8.6,Mario A. Harik
479,SAIC,Science Applications International,Information Technology Services,Reston,Virginia,20190,www.saic.com,"25,000","$7,704","$5,871",$300,3.9,Nazzic S. Keene
480,AEE,Ameren,Utilities: Gas and Electric,St. Louis,Missouri,63103,www.ameren.com,"9,244","$7,662","$22,675","$1,074",14,Martin J. Lyons Jr.
481,FAF,First American Financial,Insurance: Property and Casualty (Stock),Santa Ana,California,92707,www.firstam.com,"21,153","$7,605","$5,750",$263,3.5,Kenneth D. Degiorgio
482,BBWI,Bath & Body Works,Specialty Retailers: Other,Columbus,Ohio,43230,www.bbwinc.com,"33,000","$7,560","$8,368",$800,10.6,Gina Boswell
483,RF,Regions Financial,Commercial Banks,Birmingham,Alabama,35203,www.regions.com,"20,073","$7,531","$17,346","$2,245",29.8,John M. Turner Jr.
484,ATVI,Activision Blizzard,Entertainment,Santa Monica,California,90404,www.activisionblizzard.com,"13,000","$7,528","$67,126","$1,513",20.1,Bobby Kotick
485,AVTR,Avantor,"Scientific, Photographic and Control Equipment",Radnor,Pennsylvania,19087,www.avantorsciences.com,"14,500","$7,512","$14,271",$687,9.1,Michael Stubblefield
486,GNW,Genworth Financial,"Insurance: Life, Health (Stock)",Richmond,Virginia,23230,www.genworth.com,"2,500","$7,507","$2,477",$609,8.1,Thomas J. Mcinerney
487,EQT,EQT,Energy,Pittsburgh,Pennsylvania,15222,www.eqt.com,744,"$7,498","$11,499","$1,771",23.6,Toby Z. Rice
488,SKX,Skechers U.S.A.,Apparel,Manhattan Beach,California,90266,www.skechers.com,"11,450","$7,445","$7,379",$373,5,Robert Greenberg
489,LSTR,Landstar System,"Trucking, Truck Leasing",Jacksonville,Florida,32224,www.landstar.com,"1,449","$7,440","$6,457",$431,5.8,James B. Gattoni
490,KNX,Knight-Swift Transportation Holdings,"Trucking, Truck Leasing",Phoenix,Arizona,85027,www.knight-swift.com,"28,300","$7,429","$9,106",$771,10.4,David A. Jackson
491,SIVBQ,SVB Financial Group,Commercial Banks,Santa Clara,California,95054,www.svb.com,"8,553","$7,401",$54,"$1,672",22.6,William Kosturos
492,PARR,Par Pacific Holdings,Petroleum Refining,Houston,Texas,77024,www.parpacific.com,"1,397","$7,322","$1,773",$364,5,William C. Pate
493,ALB,Albemarle,Chemicals,Charlotte,North Carolina,28209,www.albemarle.com,"7,400","$7,320","$25,928","$2,690",36.7,Kent Masters
494,VMC,Vulcan Materials,"Building Materials, Glass",Birmingham,Alabama,35242,www.vulcanmaterials.com,"11,974","$7,315","$22,827",$576,7.9,Thomas Hill
495,WSO,Watsco,Wholesalers: Diversified,Miami,Florida,33133,www.watsco.com,"7,238","$7,274","$12,354",$601,8.3,Albert H. Nahmad
496,KKR,KKR,Securities,New York,New York,10001,www.kkr.com,"4,150","$7,273","$45,225",-$841,-11.6,Joseph Y. Bae
497,EQIX,Equinix,Real Estate,Redwood City,California,94065,www.equinix.com,"12,097","$7,263","$66,873",$704,9.7,Charles Meyers
498,SON,Sonoco Products,"Packaging, Containers",Hartsville,South Carolina,29550,www.sonoco.com,"22,000","$7,251","$5,975",$466,6.4,Howard Coker
499,NOW,ServiceNow,Computer Software,Santa Clara,California,95054,www.servicenow.com,"20,433","$7,245","$94,338",$325,4.5,Bill Mcdermott
500,RHI,Robert Half International,Temporary Help,Menlo Park,California,94025,www.roberthalf.com,"16,300","$7,238","$8,677",$658,9.1,Keith Waddell